<?xml version="1.0" encoding="UTF-8"?>
<project-private xmlns="http://www.netbeans.org/ns/project-private/1">
    <editor-bookmarks xmlns="http://www.netbeans.org/ns/editor-bookmarks/2" lastBookmarkId="0"/>
    <open-files xmlns="http://www.netbeans.org/ns/projectui-open-files/2">
        <group>
            <file>file:/C:/Program%20Files%20(x86)/Zend/Apache2/htdocs/sac/model/Usuario.php</file>
            <file>file:/C:/Program%20Files%20(x86)/Zend/Apache2/htdocs/sac/components/autenticacao/Autenticacao.php</file>
            <file>file:/C:/Program%20Files%20(x86)/Zend/Apache2/htdocs/sac/templates/home/index.html.twig</file>
            <file>file:/C:/Program%20Files%20(x86)/Zend/Apache2/htdocs/sac/model/Empresa.php</file>
            <file>file:/C:/Program%20Files%20(x86)/Zend/Apache2/htdocs/sac/gerar_banco.php</file>
            <file>file:/C:/Program%20Files%20(x86)/Zend/Apache2/htdocs/sac/index.php</file>
            <file>file:/C:/Program%20Files%20(x86)/Zend/Apache2/htdocs/sac/controllers/autenticacao.php</file>
        </group>
    </open-files>
</project-private>
